t_s,theta_down_deg_f720,dy_px,resp
219,-0.351,-37.096,-0.011
220,3.423,-47.437,0.03
221,3.422,0.014,0.493
222,3.415,0.097,0.439
223,3.416,-0.019,0.459
224,3.41,0.083,0.515
225,3.441,-0.394,0.329
226,3.439,0.02,0.338
227,3.492,-0.664,0.083
228,3.481,0.14,0.304
229,3.492,-0.137,0.087
230,3.521,-0.369,0.217
231,3.493,0.354,0.182
232,3.496,-0.033,0.078
233,3.491,0.058,0.254
234,3.484,0.087,0.177
235,3.49,-0.075,0.19
236,3.5,-0.127,0.32
237,3.459,0.523,0.055
238,3.585,-1.591,0.105
239,3.581,0.049,0.451
240,3.568,0.164,0.324
241,-0.052,45.499,0.103
242,-0.055,0.039,0.136
243,-2.636,32.429,-0.034
244,-2.632,-0.055,0.561
245,-2.597,-0.436,0.086
246,-1.998,-7.533,0.063
247,-4.834,35.64,0.048
248,-1.778,-38.402,-0.048
249,-1.726,-0.648,0.088
250,-1.846,1.504,0.282
251,-1.799,-0.591,0.294
252,-2.116,3.986,0.577
253,-2.043,-0.923,0.764
254,-2.03,-0.161,0.124
255,-5.418,42.573,0.012
256,-5.422,0.052,0.102
257,-2.259,-39.746,0.034
258,-2.213,-0.581,0.031
259,-2.236,0.287,0.066
260,-2.091,-1.812,0.016
261,-2.095,0.047,0.117
262,-2.068,-0.346,0.085
263,-2.078,0.127,0.097
264,-2.064,-0.177,0.287
265,-2.068,0.052,0.261
266,-2.072,0.053,0.315
267,-2.051,-0.265,0.236
268,-2.065,0.179,0.159
269,-1.99,-0.949,0.491
270,-1.893,-1.213,0.114
271,-1.957,0.799,0.112
272,-1.953,-0.049,0.445
273,-1.966,0.169,0.695
274,-1.772,-2.439,0.016
275,-1.816,0.548,0.703
276,-1.792,-0.299,0.44
277,-1.739,-0.665,0.109
278,-1.755,0.196,0.127
279,-1.751,-0.047,0.354
280,-1.752,0.008,0.503
281,-1.752,0.003,0.484
282,-1.754,0.028,0.505
283,-1.759,0.063,0.416
284,-1.746,-0.161,0.231
285,-2.075,4.13,0.009
286,-2.088,0.167,0.01
287,-2.074,-0.173,0.078
288,-2.059,-0.198,0.104
289,-1.861,-2.489,0.01
290,-1.879,0.229,0.154
291,-1.878,-0.011,0.281
292,-1.875,-0.034,0.494
293,-1.869,-0.083,0.276
294,-1.87,0.015,0.424
295,1.531,-42.732,0.084
296,0.017,19.021,0.008
297,0.123,-1.332,0.09
298,0.147,-0.298,0.247
299,0.107,0.495,0.265
300,0.0,1.35,0.107
301,-0.132,1.304,0.04
302,-0.135,-0.31,0.182
303,0.092,-3.202,-0.044
304,0.937,-10.968,0.048
305,1.22,-3.903,0.343
306,1.433,-3.028,0.419
307,1.394,0.135,0.07
308,-0.149,19.042,0.281
309,-0.117,-0.749,0.11
310,0.233,-4.748,0.096
311,-3.203,42.826,0.102
312,-3.248,0.205,0.153
313,-3.589,3.936,0.025
314,-3.593,-0.296,0.117
315,0.757,-55.016,0.035
316,2.61,-23.637,0.142
317,2.522,0.756,0.027
318,5.783,-41.328,-0.052
319,5.952,-2.476,0.033
320,5.871,0.664,0.13
321,5.836,0.097,0.175
322,5.797,0.137,0.169
323,6.35,-7.307,0.234
324,6.299,0.291,0.126
325,-0.255,82.018,-0.002
326,-0.313,0.37,0.085
327,-0.378,0.464,0.065
328,-4.844,55.777,0.033
329,-5.42,6.884,0.064
330,-4.558,-11.177,0.385
331,-3.695,-11.202,0.374
332,-1.147,-32.366,0.118
333,-1.184,0.116,0.469
334,-1.212,0.002,0.536
335,-1.243,0.031,0.509
336,-1.276,0.068,0.379
337,-1.293,-0.141,0.313
338,-1.317,-0.038,0.255
339,-1.32,-0.324,0.255
340,-1.375,0.349,0.278
341,-1.401,-0.029,0.904
342,-1.425,-0.046,0.504
343,-1.451,-0.023,0.169
344,-1.487,0.104,0.219
345,-1.509,-0.081,0.596
346,-1.533,-0.043,0.422
347,-1.556,-0.06,0.358
348,-1.589,0.061,0.363
349,-1.587,-0.376,0.128
350,-1.661,0.573,0.139
351,-1.687,-0.02,0.276
352,-1.699,-0.203,0.428
353,-1.731,0.06,0.679
354,0.173,-24.281,0.141
355,-0.982,14.158,0.005
356,-1.144,1.686,0.026
357,-1.195,0.3,0.076
358,-1.21,-0.168,0.145
359,2.534,-47.393,-0.006
360,2.455,0.631,0.136
361,2.374,0.672,0.102
362,2.274,0.904,0.016
363,2.226,0.256,0.051
364,2.203,-0.068,0.276
365,2.176,-0.003,0.315
366,-0.759,36.53,0.037
367,2.793,-44.982,-0.039
368,-1.128,48.918,-0.03
369,-0.953,-2.557,0.014
370,-0.983,0.036,0.24
371,-1.015,0.049,0.329
372,-0.823,-2.77,-0.006
373,-0.799,-0.649,0.101
374,-0.817,-0.126,0.093
375,-0.864,0.245,0.146
376,-0.903,0.143,0.016
377,1.855,-35.014,0.095
378,1.821,0.083,0.924
379,1.8,-0.086,0.983
380,1.75,0.272,0.411
381,1.775,-0.669,0.065
382,1.747,0.01,0.142
383,1.712,0.084,0.838
384,1.777,-1.165,0.212
385,2.043,-3.7,0.387
386,3.42,-17.646,-0.002
387,6.105,-34.09,0.019
388,5.567,6.406,-0.058
389,5.547,-0.099,0.074
390,5.353,2.089,0.11
391,5.198,1.593,-0.055
392,7.064,-23.799,0.072
393,9.51,-31.092,0.111
394,9.445,0.478,0.08
395,9.385,0.395,0.089
396,5.462,48.955,-0.028
397,9.617,-52.57,0.013
398,9.566,0.291,0.153
399,9.475,0.797,0.196
400,9.438,0.106,0.957
401,9.402,0.1,0.138
402,12.329,-37.122,0.082
403,12.278,0.28,0.302
404,12.997,-9.376,0.14
405,11.063,23.95,0.148
406,11.047,-0.153,0.253
407,11.001,0.229,0.077
408,10.948,0.314,0.225
409,10.954,-0.423,0.159
410,10.892,0.425,0.174
411,10.903,-0.484,0.148
412,10.861,0.174,0.248
413,10.816,0.216,0.609
414,10.826,-0.478,0.053
415,10.805,-0.085,0.055
416,10.783,-0.079,0.519
417,10.762,-0.086,0.252
418,10.742,-0.098,0.229
419,10.722,-0.098,0.231
420,10.682,0.154,0.223
421,10.643,0.139,0.178
422,10.378,2.98,-0.008
423,10.353,-0.034,0.301
424,14.86,-56.986,-0.018
425,14.838,-0.08,0.755
426,14.699,1.4,0.227
427,14.681,-0.127,0.144
428,14.669,-0.201,0.18
429,14.649,-0.104,0.53
430,14.605,0.212,0.553
431,14.582,-0.069,0.353
432,14.595,-0.517,0.129
433,14.572,-0.051,0.126
434,14.616,-0.904,0.044
435,14.584,0.044,0.135
436,14.553,0.038,0.126
437,14.517,0.11,0.543
438,11.243,40.786,0.02
439,8.4,35.375,-0.004
440,7.906,5.862,0.454
441,7.878,-0.005,0.99
442,7.854,-0.051,0.952
443,3.793,50.683,-0.032
444,3.746,0.247,0.112
445,4.175,-5.75,0.011
446,1.219,36.796,0.053
447,1.172,0.241,0.042
448,1.187,-0.534,0.034
449,1.172,-0.166,0.285
450,1.131,0.167,0.467
451,1.121,-0.222,0.386
452,1.079,0.173,0.329
453,1.03,0.271,0.453
454,0.977,0.316,0.235
455,0.952,-0.041,0.063
456,0.813,1.392,0.08
457,0.82,-0.44,0.146
458,0.777,0.195,0.147
459,0.751,-0.028,0.126
460,0.747,-0.291,0.414
461,0.751,-0.408,0.092
462,0.703,0.248,0.377
463,0.768,-1.158,0.101
464,0.747,-0.087,0.235
465,0.695,0.299,0.249
466,0.66,0.086,0.419
467,0.62,0.16,0.155
468,0.591,0.006,0.185
469,0.552,0.142,0.078
470,0.607,-1.036,0.049
471,0.591,-0.153,0.169
472,-0.415,12.284,0.001
473,-0.414,-0.354,0.134
474,-0.447,0.067,0.746
475,-0.471,-0.053,0.813
476,-0.506,0.088,0.298
477,-0.551,0.211,0.087
478,-0.652,0.917,0.03
479,-0.668,-0.143,0.158
480,-0.724,0.354,0.17
481,-0.743,-0.119,0.283
482,-0.742,-0.358,0.291
483,-0.765,-0.063,0.225
484,-0.732,-0.765,0.059
485,-0.74,-0.247,0.011
486,-4.092,41.774,0.287
487,-4.113,-0.096,0.217
488,-3.303,-10.521,0.086
489,0.202,-44.4,0.079
490,4.729,-57.241,0.116
491,4.693,0.104,0.365
492,4.684,-0.232,0.078
493,0.638,50.484,0.102
494,0.744,-1.68,0.071
495,0.702,0.181,0.156
496,0.658,0.203,0.172
497,0.637,-0.088,0.231
498,-2.188,35.148,0.031
499,-0.319,-23.837,0.066
500,-0.343,-0.051,0.232
501,-0.373,0.034,0.188
502,-0.353,-0.603,0.118
503,-0.352,-0.372,0.044
504,0.48,-10.805,0.002
505,0.427,0.323,0.091
506,3.183,-34.992,-0.053
507,0.0,39.653,-0.004
508,-0.02,0.247,0.106
509,-2.686,33.504,-0.033
510,0.817,-44.014,0.023
511,0.535,3.535,0.213
512,-2.64,39.898,0.035
513,-2.669,0.368,0.127
514,-2.654,-0.182,0.128
515,-2.663,0.11,0.14
516,-2.672,0.115,0.239
517,-2.656,-0.204,0.139
518,-2.693,0.465,0.117
519,-2.665,-0.353,0.045
520,-2.551,-1.436,0.03
521,-2.607,0.704,0.051
522,-2.599,-0.094,0.104
523,-2.578,-0.272,0.207
524,-2.566,-0.143,0.119
525,-2.534,-0.403,0.164
526,-2.564,0.372,0.087
527,-2.566,0.032,0.199
528,-2.572,0.073,0.18
529,-2.575,0.029,0.419
530,0.207,-34.949,0.033
531,-2.568,34.868,0.026
532,-2.531,-0.468,0.235
