t_s,grade,pitch_down_deg_f720,vp_row_minus_center_px,n1,n2
219,B,5.38,-67.8,15,0
245,B,-4.83,60.8,17,0
255,B,-2.07,26.0,22,0
295,B,-2.24,28.2,14,0
297,B,1.64,-20.6,14,0
298,A,0.68,-8.6,15,13
301,A,0.42,-5.3,11,10
303,B,0.03,-0.3,15,0
305,B,2.51,-31.5,14,0
306,B,2.32,-29.2,15,0
307,B,2.51,-31.6,16,0
308,A,0.74,-9.4,12,11
318,B,-0.09,1.1,16,0
320,B,-2.22,27.9,14,0
321,A,-3.84,48.4,13,14
359,B,-2.08,26.2,14,0
362,B,-4.49,56.5,17,0
367,B,-0.33,4.2,14,0
378,B,0.69,-8.6,15,0
382,B,0.42,-5.2,14,0
388,B,0.65,-8.2,15,0
393,B,-1.06,13.3,15,0
394,A,-0.78,9.8,19,13
395,B,2.13,-26.8,14,0
398,A,-0.52,6.5,16,11
437,B,-7.38,93.3,14,0
497,B,-0.15,1.9,15,0
506,B,-0.73,9.2,14,0
507,B,1.99,-25.0,16,0
527,B,-2.31,29.0,14,0
