t_s,theta_down_deg_f720,reliable
219,4.517,0
220,4.517,0
221,-0.105,1
222,-0.113,1
223,-0.112,1
224,-0.118,1
225,-0.087,1
226,-0.088,1
227,-0.036,1
228,-0.047,1
229,-0.036,1
230,-0.006,1
231,-0.035,1
232,-0.037,0
233,-0.039,1
234,-0.046,1
235,-0.04,1
236,-0.03,1
237,0.033,0
238,0.097,1
239,0.093,1
240,0.08,1
241,0.078,0
242,0.076,1
243,0.079,0
244,0.081,1
245,0.116,1
246,0.128,0
247,0.141,0
248,0.154,0
249,0.167,1
250,0.047,1
251,0.094,1
252,-0.223,1
253,-0.149,1
254,-0.137,1
255,-0.139,0
256,-0.141,1
257,-0.141,0
258,-0.142,0
259,-0.143,0
260,-0.144,0
261,-0.144,1
262,-0.117,1
263,-0.127,1
264,-0.113,1
265,-0.117,1
266,-0.121,1
267,-0.1,1
268,-0.114,1
269,-0.039,1
270,0.058,1
271,-0.006,1
272,-0.002,1
273,-0.015,1
274,-0.037,0
275,-0.059,1
276,-0.035,1
277,0.018,1
278,0.002,1
279,0.006,1
280,0.005,1
281,0.005,1
282,0.003,1
283,-0.002,1
284,0.01,1
285,0.014,0
286,0.018,0
287,0.022,0
288,0.026,1
289,0.017,0
290,0.008,1
291,0.009,1
292,0.012,1
293,0.018,1
294,0.017,1
295,0.052,0
296,0.088,0
297,0.123,1
298,0.147,1
299,0.107,1
300,0.0,1
301,-0.011,0
302,-0.022,1
303,0.059,0
304,0.139,0
305,0.22,1
306,0.437,1
307,-0.343,0
308,-1.124,1
309,-1.088,1
310,-0.733,1
311,-0.764,0
312,-0.795,1
313,-0.807,0
314,-0.818,1
315,0.099,0
316,1.016,1
317,0.98,0
318,0.944,0
319,0.907,0
320,0.871,1
321,0.84,1
322,0.806,1
323,1.364,1
324,1.318,1
325,1.28,0
326,1.242,1
327,1.442,0
328,1.641,0
329,1.84,0
330,2.039,1
331,2.908,1
332,2.88,0
333,2.852,1
334,2.829,1
335,2.803,1
336,2.775,1
337,2.763,1
338,2.743,1
339,2.745,1
340,2.694,1
341,2.674,1
342,2.654,1
343,2.633,1
344,2.601,1
345,2.585,1
346,2.565,1
347,2.547,1
348,2.519,1
349,2.525,1
350,2.457,1
351,2.435,1
352,2.428,1
353,2.4,1
354,4.309,1
355,4.29,0
356,4.27,0
357,4.25,0
358,4.23,1
359,4.182,0
360,4.134,1
361,4.057,1
362,4.036,0
363,4.014,0
364,3.993,1
365,3.97,1
366,3.946,0
367,3.923,0
368,3.899,0
369,3.875,0
370,3.852,1
371,3.825,1
372,3.827,0
373,3.83,1
374,3.817,1
375,3.774,1
376,3.749,0
377,3.724,0
378,3.698,1
379,3.682,1
380,3.637,1
381,3.614,0
382,3.59,1
383,3.56,1
384,3.63,1
385,3.901,1
386,3.845,0
387,3.788,0
388,3.732,0
389,3.676,0
390,3.619,1
391,3.59,0
392,3.56,0
393,3.531,0
394,3.502,0
395,3.472,1
396,3.441,0
397,3.41,0
398,3.38,1
399,3.293,1
400,3.261,1
401,3.23,1
402,3.196,0
403,3.162,1
404,3.885,1
405,1.956,1
406,1.945,1
407,1.909,0
408,1.874,1
409,1.884,1
410,1.827,1
411,1.842,1
412,1.805,1
413,1.765,1
414,1.744,0
415,1.723,0
416,1.702,1
417,1.686,1
418,1.67,1
419,1.655,1
420,1.62,1
421,1.586,1
422,1.564,0
423,1.542,1
424,1.522,0
425,1.502,1
426,1.368,1
427,1.355,1
428,1.347,1
429,1.332,1
430,1.292,1
431,1.275,1
432,1.293,1
433,1.274,1
434,1.249,0
435,1.224,1
436,1.198,1
437,1.166,1
438,0.987,0
439,0.809,0
440,0.63,1
441,0.607,1
442,0.588,1
443,0.555,0
444,0.522,1
445,0.502,0
446,0.481,0
447,0.461,0
448,0.44,0
449,0.42,1
450,0.383,1
451,0.378,1
452,0.341,1
453,0.296,1
454,0.248,1
455,0.237,0
456,0.225,0
457,0.214,1
458,0.175,1
459,0.154,1
460,0.154,1
461,0.163,1
462,0.121,1
463,0.19,1
464,0.173,1
465,0.126,1
466,0.096,1
467,0.061,1
468,0.037,1
469,0.018,0
470,-0.001,0
471,-0.02,1
472,-0.029,0
473,-0.038,1
474,-0.067,1
475,-0.086,1
476,-0.116,1
477,-0.156,1
478,-0.173,0
479,-0.191,1
480,-0.242,1
481,-0.256,1
482,-0.25,1
483,-0.268,1
484,-0.29,0
485,-0.311,0
486,-0.332,0
487,-0.353,1
488,0.461,1
489,0.435,0
490,0.409,0
491,0.383,1
492,0.356,0
493,0.33,0
494,0.303,0
495,0.276,1
496,0.237,1
497,0.221,1
498,0.199,0
499,0.177,0
500,0.156,1
501,0.13,1
502,0.154,1
503,0.123,0
504,0.091,0
505,0.059,1
506,0.03,0
507,0.0,0
508,-0.007,1
509,-0.1,0
510,-0.194,0
511,-0.288,1
512,-0.302,0
513,-0.317,1
514,-0.303,1
515,-0.311,1
516,-0.321,1
517,-0.304,1
518,-0.341,1
519,-0.339,0
520,-0.338,0
521,-0.336,0
522,-0.334,1
523,-0.312,1
524,-0.301,1
525,-0.269,1
526,-0.298,1
527,-0.301,1
528,-0.307,1
529,-0.309,1
530,-0.297,0
531,-0.284,0
532,-0.272,1
